,experiment_id,belief_idx,state_idx,help_config_idx_local,belief_mus,belief_sigmas,state,help_config,conducted_datetime_stamp,accumulated_rewards,episode_lengths
0,1,0,0,-1,"[[-0.6515422291998789, -0.9449885312256132], [-0.8134131004208316, -0.9126716527931578], [-0.655950335952437, -0.777737342760187], [-0.5997059151335534, -0.551491683689443]]","[[0.13500725243134423, 0.10255128721761153], [0.10012717279848518, 0.07160891780042845], [0.041699636480821436, 0.026368575114845322], [0.10983933667807497, 0.07317550355521628]]","[[-0.6839691428285296, -0.9870631037995707], [-0.7689684691709001, -0.8843503300218861], [-0.6856206118900163, -0.7835164470682746], [-0.5521647085669268, -0.5564294002605221]]",,2024-09-04_15-25-34,0.7312884124336586,20
1,2,0,0,0,"[[-0.6515422291998789, -0.9449885312256132], [-0.8134131004208316, -0.9126716527931578], [-0.655950335952437, -0.777737342760187], [-0.5997059151335534, -0.551491683689443]]","[[0.13500725243134423, 0.10255128721761153], [0.10012717279848518, 0.07160891780042845], [0.041699636480821436, 0.026368575114845322], [0.10983933667807497, 0.07317550355521628]]","[[-0.6839691428285296, -0.9870631037995707], [-0.7689684691709001, -0.8843503300218861], [-0.6856206118900163, -0.7835164470682746], [-0.5521647085669268, -0.5564294002605221]]","[-0.5567808869537451, -1.215127556940363, -1.8444974285294637, 1.258726315197987, -0.6591467161558847, -0.20351355710407049]",2024-09-04_15-31-02,1.6957039656044444,20
2,3,0,0,1,"[[-0.6515422291998789, -0.9449885312256132], [-0.8134131004208316, -0.9126716527931578], [-0.655950335952437, -0.777737342760187], [-0.5997059151335534, -0.551491683689443]]","[[0.13500725243134423, 0.10255128721761153], [0.10012717279848518, 0.07160891780042845], [0.041699636480821436, 0.026368575114845322], [0.10983933667807497, 0.07317550355521628]]","[[-0.6839691428285296, -0.9870631037995707], [-0.7689684691709001, -0.8843503300218861], [-0.6856206118900163, -0.7835164470682746], [-0.5521647085669268, -0.5564294002605221]]","[0.06857881851979197, 0.21792011149769983, -2.161804348038188, -0.4287528014109725, -0.8887776727931733, -1.7119613288520652]",2024-09-04_15-53-27,3.7928016635770736,20
3,4,0,0,2,"[[-0.6515422291998789, -0.9449885312256132], [-0.8134131004208316, -0.9126716527931578], [-0.655950335952437, -0.777737342760187], [-0.5997059151335534, -0.551491683689443]]","[[0.13500725243134423, 0.10255128721761153], [0.10012717279848518, 0.07160891780042845], [0.041699636480821436, 0.026368575114845322], [0.10983933667807497, 0.07317550355521628]]","[[-0.6839691428285296, -0.9870631037995707], [-0.7689684691709001, -0.8843503300218861], [-0.6856206118900163, -0.7835164470682746], [-0.5521647085669268, -0.5564294002605221]]","[-2.755985913634277, -2.210583901185422, 1.1727425110175016, -2.9380496891578516, 2.033513454201432, 0.2090148309089412]",2024-09-04_15-59-19,4.0331541520149745,16
4,5,0,0,3,"[[-0.6515422291998789, -0.9449885312256132], [-0.8134131004208316, -0.9126716527931578], [-0.655950335952437, -0.777737342760187], [-0.5997059151335534, -0.551491683689443]]","[[0.13500725243134423, 0.10255128721761153], [0.10012717279848518, 0.07160891780042845], [0.041699636480821436, 0.026368575114845322], [0.10983933667807497, 0.07317550355521628]]","[[-0.6839691428285296, -0.9870631037995707], [-0.7689684691709001, -0.8843503300218861], [-0.6856206118900163, -0.7835164470682746], [-0.5521647085669268, -0.5564294002605221]]","[0.029355883598327637, -2.341539045373434, -0.6156098246574402, 0.2815334039875488, -0.9824770132647913, 0.0653507262468338]",2024-09-04_16-05-14,3.161486569530666,15
5,6,0,0,4,"[[-0.6515422291998789, -0.9449885312256132], [-0.8134131004208316, -0.9126716527931578], [-0.655950335952437, -0.777737342760187], [-0.5997059151335534, -0.551491683689443]]","[[0.13500725243134423, 0.10255128721761153], [0.10012717279848518, 0.07160891780042845], [0.041699636480821436, 0.026368575114845322], [0.10983933667807497, 0.07317550355521628]]","[[-0.6839691428285296, -0.9870631037995707], [-0.7689684691709001, -0.8843503300218861], [-0.6856206118900163, -0.7835164470682746], [-0.5521647085669268, -0.5564294002605221]]","[-1.8056453952435314, -1.9710437412927044, -0.8912056205387003, -1.3337679391178212, 1.2415330383037257, 1.3455551968121493]",2024-09-04_16-12-16,1.6743974421061918,19
6,7,0,0,5,"[[-0.6515422291998789, -0.9449885312256132], [-0.8134131004208316, -0.9126716527931578], [-0.655950335952437, -0.777737342760187], [-0.5997059151335534, -0.551491683689443]]","[[0.13500725243134423, 0.10255128721761153], [0.10012717279848518, 0.07160891780042845], [0.041699636480821436, 0.026368575114845322], [0.10983933667807497, 0.07317550355521628]]","[[-0.6839691428285296, -0.9870631037995707], [-0.7689684691709001, -0.8843503300218861], [-0.6856206118900163, -0.7835164470682746], [-0.5521647085669268, -0.5564294002605221]]","[-1.7000158468829554, -2.326590677300924, -0.9922394752502441, -1.9670068226256312, 0.7786448001861572, 1.4595720767974854]",2024-09-04_16-34-51,0.7886791231156285,20
7,8,0,1,-1,"[[-0.6515422291998789, -0.9449885312256132], [-0.8134131004208316, -0.9126716527931578], [-0.655950335952437, -0.777737342760187], [-0.5997059151335534, -0.551491683689443]]","[[0.13500725243134423, 0.10255128721761153], [0.10012717279848518, 0.07160891780042845], [0.041699636480821436, 0.026368575114845322], [0.10983933667807497, 0.07317550355521628]]","[[-0.5588208103332089, -0.9155099569549352], [-0.7991415855916179, -0.9627699006200023], [-0.6658882331472955, -0.7824502294343343], [-0.6886962265460704, -0.6014128807899674]]",,2024-09-04_16-41-56,0.8052594438089569,20
8,9,0,1,0,"[[-0.6515422291998789, -0.9449885312256132], [-0.8134131004208316, -0.9126716527931578], [-0.655950335952437, -0.777737342760187], [-0.5997059151335534, -0.551491683689443]]","[[0.13500725243134423, 0.10255128721761153], [0.10012717279848518, 0.07160891780042845], [0.041699636480821436, 0.026368575114845322], [0.10983933667807497, 0.07317550355521628]]","[[-0.5588208103332089, -0.9155099569549352], [-0.7991415855916179, -0.9627699006200023], [-0.6658882331472955, -0.7824502294343343], [-0.6886962265460704, -0.6014128807899674]]","[-0.5567808869537451, -1.215127556940363, -1.8444974285294637, 1.258726315197987, -0.6591467161558847, -0.20351355710407049]",2024-09-04_16-47-45,2.7880003471918275,20
9,10,0,1,1,"[[-0.6515422291998789, -0.9449885312256132], [-0.8134131004208316, -0.9126716527931578], [-0.655950335952437, -0.777737342760187], [-0.5997059151335534, -0.551491683689443]]","[[0.13500725243134423, 0.10255128721761153], [0.10012717279848518, 0.07160891780042845], [0.041699636480821436, 0.026368575114845322], [0.10983933667807497, 0.07317550355521628]]","[[-0.5588208103332089, -0.9155099569549352], [-0.7991415855916179, -0.9627699006200023], [-0.6658882331472955, -0.7824502294343343], [-0.6886962265460704, -0.6014128807899674]]","[0.06857881851979197, 0.21792011149769983, -2.161804348038188, -0.4287528014109725, -0.8887776727931733, -1.7119613288520652]",2024-09-04_16-53-38,5.218234778402865,6
10,11,0,1,2,"[[-0.6515422291998789, -0.9449885312256132], [-0.8134131004208316, -0.9126716527931578], [-0.655950335952437, -0.777737342760187], [-0.5997059151335534, -0.551491683689443]]","[[0.13500725243134423, 0.10255128721761153], [0.10012717279848518, 0.07160891780042845], [0.041699636480821436, 0.026368575114845322], [0.10983933667807497, 0.07317550355521628]]","[[-0.5588208103332089, -0.9155099569549352], [-0.7991415855916179, -0.9627699006200023], [-0.6658882331472955, -0.7824502294343343], [-0.6886962265460704, -0.6014128807899674]]","[-2.755985913634277, -2.210583901185422, 1.1727425110175016, -2.9380496891578516, 2.033513454201432, 0.2090148309089412]",2024-09-04_16-58-34,1.5823468451429306,20
11,12,0,1,3,"[[-0.6515422291998789, -0.9449885312256132], [-0.8134131004208316, -0.9126716527931578], [-0.655950335952437, -0.777737342760187], [-0.5997059151335534, -0.551491683689443]]","[[0.13500725243134423, 0.10255128721761153], [0.10012717279848518, 0.07160891780042845], [0.041699636480821436, 0.026368575114845322], [0.10983933667807497, 0.07317550355521628]]","[[-0.5588208103332089, -0.9155099569549352], [-0.7991415855916179, -0.9627699006200023], [-0.6658882331472955, -0.7824502294343343], [-0.6886962265460704, -0.6014128807899674]]","[0.029355883598327637, -2.341539045373434, -0.6156098246574402, 0.2815334039875488, -0.9824770132647913, 0.0653507262468338]",2024-09-04_17-05-17,3.8834505821294645,9
12,13,0,1,4,"[[-0.6515422291998789, -0.9449885312256132], [-0.8134131004208316, -0.9126716527931578], [-0.655950335952437, -0.777737342760187], [-0.5997059151335534, -0.551491683689443]]","[[0.13500725243134423, 0.10255128721761153], [0.10012717279848518, 0.07160891780042845], [0.041699636480821436, 0.026368575114845322], [0.10983933667807497, 0.07317550355521628]]","[[-0.5588208103332089, -0.9155099569549352], [-0.7991415855916179, -0.9627699006200023], [-0.6658882331472955, -0.7824502294343343], [-0.6886962265460704, -0.6014128807899674]]","[-1.8056453952435314, -1.9710437412927044, -0.8912056205387003, -1.3337679391178212, 1.2415330383037257, 1.3455551968121493]",2024-09-04_17-23-00,2.684867897227587,20
13,14,0,1,5,"[[-0.6515422291998789, -0.9449885312256132], [-0.8134131004208316, -0.9126716527931578], [-0.655950335952437, -0.777737342760187], [-0.5997059151335534, -0.551491683689443]]","[[0.13500725243134423, 0.10255128721761153], [0.10012717279848518, 0.07160891780042845], [0.041699636480821436, 0.026368575114845322], [0.10983933667807497, 0.07317550355521628]]","[[-0.5588208103332089, -0.9155099569549352], [-0.7991415855916179, -0.9627699006200023], [-0.6658882331472955, -0.7824502294343343], [-0.6886962265460704, -0.6014128807899674]]","[-1.7000158468829554, -2.326590677300924, -0.9922394752502441, -1.9670068226256312, 0.7786448001861572, 1.4595720767974854]",2024-09-04_17-52-35,1.8285776225883328,20
14,15,0,2,-1,"[[-0.6515422291998789, -0.9449885312256132], [-0.8134131004208316, -0.9126716527931578], [-0.655950335952437, -0.777737342760187], [-0.5997059151335534, -0.551491683689443]]","[[0.13500725243134423, 0.10255128721761153], [0.10012717279848518, 0.07160891780042845], [0.041699636480821436, 0.026368575114845322], [0.10983933667807497, 0.07317550355521628]]","[[-0.5447393884477045, -0.8429772197167553], [-0.6748009655034444, -0.947520715423529], [-0.6820308482141002, -0.7855281944195739], [-0.743359523461232, -0.5787846749221615]]",,2024-09-04_17-58-04,0.8727690981903744,20
15,16,0,2,0,"[[-0.6515422291998789, -0.9449885312256132], [-0.8134131004208316, -0.9126716527931578], [-0.655950335952437, -0.777737342760187], [-0.5997059151335534, -0.551491683689443]]","[[0.13500725243134423, 0.10255128721761153], [0.10012717279848518, 0.07160891780042845], [0.041699636480821436, 0.026368575114845322], [0.10983933667807497, 0.07317550355521628]]","[[-0.5447393884477045, -0.8429772197167553], [-0.6748009655034444, -0.947520715423529], [-0.6820308482141002, -0.7855281944195739], [-0.743359523461232, -0.5787846749221615]]","[-0.5567808869537451, -1.215127556940363, -1.8444974285294637, 1.258726315197987, -0.6591467161558847, -0.20351355710407049]",2024-09-04_18-03-40,1.7339303076216916,20
16,17,0,2,1,"[[-0.6515422291998789, -0.9449885312256132], [-0.8134131004208316, -0.9126716527931578], [-0.655950335952437, -0.777737342760187], [-0.5997059151335534, -0.551491683689443]]","[[0.13500725243134423, 0.10255128721761153], [0.10012717279848518, 0.07160891780042845], [0.041699636480821436, 0.026368575114845322], [0.10983933667807497, 0.07317550355521628]]","[[-0.5447393884477045, -0.8429772197167553], [-0.6748009655034444, -0.947520715423529], [-0.6820308482141002, -0.7855281944195739], [-0.743359523461232, -0.5787846749221615]]","[0.06857881851979197, 0.21792011149769983, -2.161804348038188, -0.4287528014109725, -0.8887776727931733, -1.7119613288520652]",2024-09-04_18-10-35,1.7449219607078914,20
17,18,0,2,2,"[[-0.6515422291998789, -0.9449885312256132], [-0.8134131004208316, -0.9126716527931578], [-0.655950335952437, -0.777737342760187], [-0.5997059151335534, -0.551491683689443]]","[[0.13500725243134423, 0.10255128721761153], [0.10012717279848518, 0.07160891780042845], [0.041699636480821436, 0.026368575114845322], [0.10983933667807497, 0.07317550355521628]]","[[-0.5447393884477045, -0.8429772197167553], [-0.6748009655034444, -0.947520715423529], [-0.6820308482141002, -0.7855281944195739], [-0.743359523461232, -0.5787846749221615]]","[-2.755985913634277, -2.210583901185422, 1.1727425110175016, -2.9380496891578516, 2.033513454201432, 0.2090148309089412]",2024-09-04_18-19-32,0.6223874323458368,20
18,19,0,2,3,"[[-0.6515422291998789, -0.9449885312256132], [-0.8134131004208316, -0.9126716527931578], [-0.655950335952437, -0.777737342760187], [-0.5997059151335534, -0.551491683689443]]","[[0.13500725243134423, 0.10255128721761153], [0.10012717279848518, 0.07160891780042845], [0.041699636480821436, 0.026368575114845322], [0.10983933667807497, 0.07317550355521628]]","[[-0.5447393884477045, -0.8429772197167553], [-0.6748009655034444, -0.947520715423529], [-0.6820308482141002, -0.7855281944195739], [-0.743359523461232, -0.5787846749221615]]","[0.029355883598327637, -2.341539045373434, -0.6156098246574402, 0.2815334039875488, -0.9824770132647913, 0.0653507262468338]",2024-09-04_18-29-40,1.711076574780282,18
19,20,0,2,4,"[[-0.6515422291998789, -0.9449885312256132], [-0.8134131004208316, -0.9126716527931578], [-0.655950335952437, -0.777737342760187], [-0.5997059151335534, -0.551491683689443]]","[[0.13500725243134423, 0.10255128721761153], [0.10012717279848518, 0.07160891780042845], [0.041699636480821436, 0.026368575114845322], [0.10983933667807497, 0.07317550355521628]]","[[-0.5447393884477045, -0.8429772197167553], [-0.6748009655034444, -0.947520715423529], [-0.6820308482141002, -0.7855281944195739], [-0.743359523461232, -0.5787846749221615]]","[-1.8056453952435314, -1.9710437412927044, -0.8912056205387003, -1.3337679391178212, 1.2415330383037257, 1.3455551968121493]",2024-09-04_18-37-50,2.6502310886217546,20
20,21,0,2,5,"[[-0.6515422291998789, -0.9449885312256132], [-0.8134131004208316, -0.9126716527931578], [-0.655950335952437, -0.777737342760187], [-0.5997059151335534, -0.551491683689443]]","[[0.13500725243134423, 0.10255128721761153], [0.10012717279848518, 0.07160891780042845], [0.041699636480821436, 0.026368575114845322], [0.10983933667807497, 0.07317550355521628]]","[[-0.5447393884477045, -0.8429772197167553], [-0.6748009655034444, -0.947520715423529], [-0.6820308482141002, -0.7855281944195739], [-0.743359523461232, -0.5787846749221615]]","[-1.7000158468829554, -2.326590677300924, -0.9922394752502441, -1.9670068226256312, 0.7786448001861572, 1.4595720767974854]",2024-09-04_18-45-36,0.7919945643283997,20
21,22,0,3,-1,"[[-0.6515422291998789, -0.9449885312256132], [-0.8134131004208316, -0.9126716527931578], [-0.655950335952437, -0.777737342760187], [-0.5997059151335534, -0.551491683689443]]","[[0.13500725243134423, 0.10255128721761153], [0.10012717279848518, 0.07160891780042845], [0.041699636480821436, 0.026368575114845322], [0.10983933667807497, 0.07317550355521628]]","[[-0.6083878493596846, -0.9462795685720596], [-0.745130173933179, -0.9606585623754879], [-0.6135018327551537, -0.7930300964272639], [-0.59323798053038, -0.6337235109863292]]",,2024-09-04_18-50-57,0.7200820639466351,20
22,23,0,3,0,"[[-0.6515422291998789, -0.9449885312256132], [-0.8134131004208316, -0.9126716527931578], [-0.655950335952437, -0.777737342760187], [-0.5997059151335534, -0.551491683689443]]","[[0.13500725243134423, 0.10255128721761153], [0.10012717279848518, 0.07160891780042845], [0.041699636480821436, 0.026368575114845322], [0.10983933667807497, 0.07317550355521628]]","[[-0.6083878493596846, -0.9462795685720596], [-0.745130173933179, -0.9606585623754879], [-0.6135018327551537, -0.7930300964272639], [-0.59323798053038, -0.6337235109863292]]","[-0.5567808869537451, -1.215127556940363, -1.8444974285294637, 1.258726315197987, -0.6591467161558847, -0.20351355710407049]",2024-09-04_19-20-19,1.6937815526839746,20
23,24,0,3,1,"[[-0.6515422291998789, -0.9449885312256132], [-0.8134131004208316, -0.9126716527931578], [-0.655950335952437, -0.777737342760187], [-0.5997059151335534, -0.551491683689443]]","[[0.13500725243134423, 0.10255128721761153], [0.10012717279848518, 0.07160891780042845], [0.041699636480821436, 0.026368575114845322], [0.10983933667807497, 0.07317550355521628]]","[[-0.6083878493596846, -0.9462795685720596], [-0.745130173933179, -0.9606585623754879], [-0.6135018327551537, -0.7930300964272639], [-0.59323798053038, -0.6337235109863292]]","[0.06857881851979197, 0.21792011149769983, -2.161804348038188, -0.4287528014109725, -0.8887776727931733, -1.7119613288520652]",2024-09-09_12-10-26,1.80150437240909,20
24,25,0,3,2,"[[-0.6515422291998789, -0.9449885312256132], [-0.8134131004208316, -0.9126716527931578], [-0.655950335952437, -0.777737342760187], [-0.5997059151335534, -0.551491683689443]]","[[0.13500725243134423, 0.10255128721761153], [0.10012717279848518, 0.07160891780042845], [0.041699636480821436, 0.026368575114845322], [0.10983933667807497, 0.07317550355521628]]","[[-0.6083878493596846, -0.9462795685720596], [-0.745130173933179, -0.9606585623754879], [-0.6135018327551537, -0.7930300964272639], [-0.59323798053038, -0.6337235109863292]]","[-2.755985913634277, -2.210583901185422, 1.1727425110175016, -2.9380496891578516, 2.033513454201432, 0.2090148309089412]",2024-09-09_12-15-46,1.6691558748490851,20
25,26,0,3,3,"[[-0.6515422291998789, -0.9449885312256132], [-0.8134131004208316, -0.9126716527931578], [-0.655950335952437, -0.777737342760187], [-0.5997059151335534, -0.551491683689443]]","[[0.13500725243134423, 0.10255128721761153], [0.10012717279848518, 0.07160891780042845], [0.041699636480821436, 0.026368575114845322], [0.10983933667807497, 0.07317550355521628]]","[[-0.6083878493596846, -0.9462795685720596], [-0.745130173933179, -0.9606585623754879], [-0.6135018327551537, -0.7930300964272639], [-0.59323798053038, -0.6337235109863292]]","[0.029355883598327637, -2.341539045373434, -0.6156098246574402, 0.2815334039875488, -0.9824770132647913, 0.0653507262468338]",2024-09-09_12-24-05,5.1048511724122605,7
26,27,0,3,4,"[[-0.6515422291998789, -0.9449885312256132], [-0.8134131004208316, -0.9126716527931578], [-0.655950335952437, -0.777737342760187], [-0.5997059151335534, -0.551491683689443]]","[[0.13500725243134423, 0.10255128721761153], [0.10012717279848518, 0.07160891780042845], [0.041699636480821436, 0.026368575114845322], [0.10983933667807497, 0.07317550355521628]]","[[-0.6083878493596846, -0.9462795685720596], [-0.745130173933179, -0.9606585623754879], [-0.6135018327551537, -0.7930300964272639], [-0.59323798053038, -0.6337235109863292]]","[-1.8056453952435314, -1.9710437412927044, -0.8912056205387003, -1.3337679391178212, 1.2415330383037257, 1.3455551968121493]",2024-09-09_12-28-35,3.8005520340695007,20
27,28,0,3,5,"[[-0.6515422291998789, -0.9449885312256132], [-0.8134131004208316, -0.9126716527931578], [-0.655950335952437, -0.777737342760187], [-0.5997059151335534, -0.551491683689443]]","[[0.13500725243134423, 0.10255128721761153], [0.10012717279848518, 0.07160891780042845], [0.041699636480821436, 0.026368575114845322], [0.10983933667807497, 0.07317550355521628]]","[[-0.6083878493596846, -0.9462795685720596], [-0.745130173933179, -0.9606585623754879], [-0.6135018327551537, -0.7930300964272639], [-0.59323798053038, -0.6337235109863292]]","[-1.7000158468829554, -2.326590677300924, -0.9922394752502441, -1.9670068226256312, 0.7786448001861572, 1.4595720767974854]",2024-09-09_12-33-59,0.6149336298391065,20
28,29,0,4,-1,"[[-0.6515422291998789, -0.9449885312256132], [-0.8134131004208316, -0.9126716527931578], [-0.655950335952437, -0.777737342760187], [-0.5997059151335534, -0.551491683689443]]","[[0.13500725243134423, 0.10255128721761153], [0.10012717279848518, 0.07160891780042845], [0.041699636480821436, 0.026368575114845322], [0.10983933667807497, 0.07317550355521628]]","[[-0.5524378398406974, -0.9913099612784819], [-0.7013522440121592, -0.8773346535594068], [-0.6651361903807536, -0.768732197554529], [-0.6324835853199866, -0.6495162953191373]]",,2024-09-09_12-39-55,0.813641975352196,20
29,30,0,4,0,"[[-0.6515422291998789, -0.9449885312256132], [-0.8134131004208316, -0.9126716527931578], [-0.655950335952437, -0.777737342760187], [-0.5997059151335534, -0.551491683689443]]","[[0.13500725243134423, 0.10255128721761153], [0.10012717279848518, 0.07160891780042845], [0.041699636480821436, 0.026368575114845322], [0.10983933667807497, 0.07317550355521628]]","[[-0.5524378398406974, -0.9913099612784819], [-0.7013522440121592, -0.8773346535594068], [-0.6651361903807536, -0.768732197554529], [-0.6324835853199866, -0.6495162953191373]]","[-0.5567808869537451, -1.215127556940363, -1.8444974285294637, 1.258726315197987, -0.6591467161558847, -0.20351355710407049]",2024-09-09_12-46-23,1.8000417346832218,20
30,31,0,4,1,"[[-0.6515422291998789, -0.9449885312256132], [-0.8134131004208316, -0.9126716527931578], [-0.655950335952437, -0.777737342760187], [-0.5997059151335534, -0.551491683689443]]","[[0.13500725243134423, 0.10255128721761153], [0.10012717279848518, 0.07160891780042845], [0.041699636480821436, 0.026368575114845322], [0.10983933667807497, 0.07317550355521628]]","[[-0.5524378398406974, -0.9913099612784819], [-0.7013522440121592, -0.8773346535594068], [-0.6651361903807536, -0.768732197554529], [-0.6324835853199866, -0.6495162953191373]]","[0.06857881851979197, 0.21792011149769983, -2.161804348038188, -0.4287528014109725, -0.8887776727931733, -1.7119613288520652]",2024-09-09_12-52-10,2.622157072724651,20
31,32,0,4,2,"[[-0.6515422291998789, -0.9449885312256132], [-0.8134131004208316, -0.9126716527931578], [-0.655950335952437, -0.777737342760187], [-0.5997059151335534, -0.551491683689443]]","[[0.13500725243134423, 0.10255128721761153], [0.10012717279848518, 0.07160891780042845], [0.041699636480821436, 0.026368575114845322], [0.10983933667807497, 0.07317550355521628]]","[[-0.5524378398406974, -0.9913099612784819], [-0.7013522440121592, -0.8773346535594068], [-0.6651361903807536, -0.768732197554529], [-0.6324835853199866, -0.6495162953191373]]","[-2.755985913634277, -2.210583901185422, 1.1727425110175016, -2.9380496891578516, 2.033513454201432, 0.2090148309089412]",2024-09-09_12-58-00,2.6624726449760625,20
32,33,0,4,3,"[[-0.6515422291998789, -0.9449885312256132], [-0.8134131004208316, -0.9126716527931578], [-0.655950335952437, -0.777737342760187], [-0.5997059151335534, -0.551491683689443]]","[[0.13500725243134423, 0.10255128721761153], [0.10012717279848518, 0.07160891780042845], [0.041699636480821436, 0.026368575114845322], [0.10983933667807497, 0.07317550355521628]]","[[-0.5524378398406974, -0.9913099612784819], [-0.7013522440121592, -0.8773346535594068], [-0.6651361903807536, -0.768732197554529], [-0.6324835853199866, -0.6495162953191373]]","[0.029355883598327637, -2.341539045373434, -0.6156098246574402, 0.2815334039875488, -0.9824770132647913, 0.0653507262468338]",2024-09-09_13-06-03,3.3723379424850215,14
33,34,0,4,4,"[[-0.6515422291998789, -0.9449885312256132], [-0.8134131004208316, -0.9126716527931578], [-0.655950335952437, -0.777737342760187], [-0.5997059151335534, -0.551491683689443]]","[[0.13500725243134423, 0.10255128721761153], [0.10012717279848518, 0.07160891780042845], [0.041699636480821436, 0.026368575114845322], [0.10983933667807497, 0.07317550355521628]]","[[-0.5524378398406974, -0.9913099612784819], [-0.7013522440121592, -0.8773346535594068], [-0.6651361903807536, -0.768732197554529], [-0.6324835853199866, -0.6495162953191373]]","[-1.8056453952435314, -1.9710437412927044, -0.8912056205387003, -1.3337679391178212, 1.2415330383037257, 1.3455551968121493]",2024-09-09_13-11-26,1.8116765911099508,20
34,35,0,4,5,"[[-0.6515422291998789, -0.9449885312256132], [-0.8134131004208316, -0.9126716527931578], [-0.655950335952437, -0.777737342760187], [-0.5997059151335534, -0.551491683689443]]","[[0.13500725243134423, 0.10255128721761153], [0.10012717279848518, 0.07160891780042845], [0.041699636480821436, 0.026368575114845322], [0.10983933667807497, 0.07317550355521628]]","[[-0.5524378398406974, -0.9913099612784819], [-0.7013522440121592, -0.8773346535594068], [-0.6651361903807536, -0.768732197554529], [-0.6324835853199866, -0.6495162953191373]]","[-1.7000158468829554, -2.326590677300924, -0.9922394752502441, -1.9670068226256312, 0.7786448001861572, 1.4595720767974854]",2024-09-09_13-17-20,0.7280864080969053,20
35,36,1,0,-1,"[[-0.8064710911741269, -0.6297700623591925], [-0.7680184004271802, -0.8295638470829546], [-0.6091559658901384, -0.9723207921686264], [-0.6141246466434069, -0.7707902128778021]]","[[0.11808035964682562, 0.12948951240942116], [0.09280233743870861, 0.036387003685593], [0.0938303204925353, 0.03230243158036222], [0.04371578122601935, 0.10422897960026484]]","[[-0.8948329442235585, -0.6169434039782641], [-0.6977761911028137, -0.8356153835981174], [-0.6659685026456905, -0.9622010960236526], [-0.6570098164450521, -0.6419414838532387]]",,2024-09-09_13-23-31,0.8640741874635627,20
36,37,1,0,0,"[[-0.8064710911741269, -0.6297700623591925], [-0.7680184004271802, -0.8295638470829546], [-0.6091559658901384, -0.9723207921686264], [-0.6141246466434069, -0.7707902128778021]]","[[0.11808035964682562, 0.12948951240942116], [0.09280233743870861, 0.036387003685593], [0.0938303204925353, 0.03230243158036222], [0.04371578122601935, 0.10422897960026484]]","[[-0.8948329442235585, -0.6169434039782641], [-0.6977761911028137, -0.8356153835981174], [-0.6659685026456905, -0.9622010960236526], [-0.6570098164450521, -0.6419414838532387]]","[-0.5567808869537451, -1.215127556940363, -1.8444974285294637, 1.258726315197987, -0.6591467161558847, -0.20351355710407049]",2024-09-09_13-32-29,1.6922841154064154,20
37,38,1,0,1,"[[-0.8064710911741269, -0.6297700623591925], [-0.7680184004271802, -0.8295638470829546], [-0.6091559658901384, -0.9723207921686264], [-0.6141246466434069, -0.7707902128778021]]","[[0.11808035964682562, 0.12948951240942116], [0.09280233743870861, 0.036387003685593], [0.0938303204925353, 0.03230243158036222], [0.04371578122601935, 0.10422897960026484]]","[[-0.8948329442235585, -0.6169434039782641], [-0.6977761911028137, -0.8356153835981174], [-0.6659685026456905, -0.9622010960236526], [-0.6570098164450521, -0.6419414838532387]]","[0.06857881851979197, 0.21792011149769983, -2.161804348038188, -0.4287528014109725, -0.8887776727931733, -1.7119613288520652]",2024-09-09_14-04-51,4.309361909054137,5
38,39,1,0,2,"[[-0.8064710911741269, -0.6297700623591925], [-0.7680184004271802, -0.8295638470829546], [-0.6091559658901384, -0.9723207921686264], [-0.6141246466434069, -0.7707902128778021]]","[[0.11808035964682562, 0.12948951240942116], [0.09280233743870861, 0.036387003685593], [0.0938303204925353, 0.03230243158036222], [0.04371578122601935, 0.10422897960026484]]","[[-0.8948329442235585, -0.6169434039782641], [-0.6977761911028137, -0.8356153835981174], [-0.6659685026456905, -0.9622010960236526], [-0.6570098164450521, -0.6419414838532387]]","[-2.755985913634277, -2.210583901185422, 1.1727425110175016, -2.9380496891578516, 2.033513454201432, 0.2090148309089412]",2024-09-09_14-09-06,1.7368515945105132,20
39,40,1,0,3,"[[-0.8064710911741269, -0.6297700623591925], [-0.7680184004271802, -0.8295638470829546], [-0.6091559658901384, -0.9723207921686264], [-0.6141246466434069, -0.7707902128778021]]","[[0.11808035964682562, 0.12948951240942116], [0.09280233743870861, 0.036387003685593], [0.0938303204925353, 0.03230243158036222], [0.04371578122601935, 0.10422897960026484]]","[[-0.8948329442235585, -0.6169434039782641], [-0.6977761911028137, -0.8356153835981174], [-0.6659685026456905, -0.9622010960236526], [-0.6570098164450521, -0.6419414838532387]]","[0.029355883598327637, -2.341539045373434, -0.6156098246574402, 0.2815334039875488, -0.9824770132647913, 0.0653507262468338]",2024-09-09_14-15-10,2.6168225997546206,20
40,41,1,0,4,"[[-0.8064710911741269, -0.6297700623591925], [-0.7680184004271802, -0.8295638470829546], [-0.6091559658901384, -0.9723207921686264], [-0.6141246466434069, -0.7707902128778021]]","[[0.11808035964682562, 0.12948951240942116], [0.09280233743870861, 0.036387003685593], [0.0938303204925353, 0.03230243158036222], [0.04371578122601935, 0.10422897960026484]]","[[-0.8948329442235585, -0.6169434039782641], [-0.6977761911028137, -0.8356153835981174], [-0.6659685026456905, -0.9622010960236526], [-0.6570098164450521, -0.6419414838532387]]","[-1.8056453952435314, -1.9710437412927044, -0.8912056205387003, -1.3337679391178212, 1.2415330383037257, 1.3455551968121493]",2024-09-09_14-22-36,2.6365578328174126,20
41,42,1,0,5,"[[-0.8064710911741269, -0.6297700623591925], [-0.7680184004271802, -0.8295638470829546], [-0.6091559658901384, -0.9723207921686264], [-0.6141246466434069, -0.7707902128778021]]","[[0.11808035964682562, 0.12948951240942116], [0.09280233743870861, 0.036387003685593], [0.0938303204925353, 0.03230243158036222], [0.04371578122601935, 0.10422897960026484]]","[[-0.8948329442235585, -0.6169434039782641], [-0.6977761911028137, -0.8356153835981174], [-0.6659685026456905, -0.9622010960236526], [-0.6570098164450521, -0.6419414838532387]]","[-1.7000158468829554, -2.326590677300924, -0.9922394752502441, -1.9670068226256312, 0.7786448001861572, 1.4595720767974854]",2024-09-09_14-33-01,1.8000061256825526,20
42,43,1,1,-1,"[[-0.8064710911741269, -0.6297700623591925], [-0.7680184004271802, -0.8295638470829546], [-0.6091559658901384, -0.9723207921686264], [-0.6141246466434069, -0.7707902128778021]]","[[0.11808035964682562, 0.12948951240942116], [0.09280233743870861, 0.036387003685593], [0.0938303204925353, 0.03230243158036222], [0.04371578122601935, 0.10422897960026484]]","[[-0.7913057666820581, -0.8249848361086022], [-0.6991625506848023, -0.7501772793905536], [-0.5408830296694698, -0.9707955625758692], [-0.5529005407234553, -0.6023022699199133]]",,2024-09-09_14-38-59,0.8451722491337013,20
43,44,1,1,0,"[[-0.8064710911741269, -0.6297700623591925], [-0.7680184004271802, -0.8295638470829546], [-0.6091559658901384, -0.9723207921686264], [-0.6141246466434069, -0.7707902128778021]]","[[0.11808035964682562, 0.12948951240942116], [0.09280233743870861, 0.036387003685593], [0.0938303204925353, 0.03230243158036222], [0.04371578122601935, 0.10422897960026484]]","[[-0.7913057666820581, -0.8249848361086022], [-0.6991625506848023, -0.7501772793905536], [-0.5408830296694698, -0.9707955625758692], [-0.5529005407234553, -0.6023022699199133]]","[-0.5567808869537451, -1.215127556940363, -1.8444974285294637, 1.258726315197987, -0.6591467161558847, -0.20351355710407049]",2024-09-09_14-43-51,2.6105179300245442,20
44,45,1,1,1,"[[-0.8064710911741269, -0.6297700623591925], [-0.7680184004271802, -0.8295638470829546], [-0.6091559658901384, -0.9723207921686264], [-0.6141246466434069, -0.7707902128778021]]","[[0.11808035964682562, 0.12948951240942116], [0.09280233743870861, 0.036387003685593], [0.0938303204925353, 0.03230243158036222], [0.04371578122601935, 0.10422897960026484]]","[[-0.7913057666820581, -0.8249848361086022], [-0.6991625506848023, -0.7501772793905536], [-0.5408830296694698, -0.9707955625758692], [-0.5529005407234553, -0.6023022699199133]]","[0.06857881851979197, 0.21792011149769983, -2.161804348038188, -0.4287528014109725, -0.8887776727931733, -1.7119613288520652]",2024-09-09_14-51-32,2.7619376895658236,20
45,46,1,1,2,"[[-0.8064710911741269, -0.6297700623591925], [-0.7680184004271802, -0.8295638470829546], [-0.6091559658901384, -0.9723207921686264], [-0.6141246466434069, -0.7707902128778021]]","[[0.11808035964682562, 0.12948951240942116], [0.09280233743870861, 0.036387003685593], [0.0938303204925353, 0.03230243158036222], [0.04371578122601935, 0.10422897960026484]]","[[-0.7913057666820581, -0.8249848361086022], [-0.6991625506848023, -0.7501772793905536], [-0.5408830296694698, -0.9707955625758692], [-0.5529005407234553, -0.6023022699199133]]","[-2.755985913634277, -2.210583901185422, 1.1727425110175016, -2.9380496891578516, 2.033513454201432, 0.2090148309089412]",2024-09-09_15-08-06,1.766809663350441,20
46,47,1,1,3,"[[-0.8064710911741269, -0.6297700623591925], [-0.7680184004271802, -0.8295638470829546], [-0.6091559658901384, -0.9723207921686264], [-0.6141246466434069, -0.7707902128778021]]","[[0.11808035964682562, 0.12948951240942116], [0.09280233743870861, 0.036387003685593], [0.0938303204925353, 0.03230243158036222], [0.04371578122601935, 0.10422897960026484]]","[[-0.7913057666820581, -0.8249848361086022], [-0.6991625506848023, -0.7501772793905536], [-0.5408830296694698, -0.9707955625758692], [-0.5529005407234553, -0.6023022699199133]]","[0.029355883598327637, -2.341539045373434, -0.6156098246574402, 0.2815334039875488, -0.9824770132647913, 0.0653507262468338]",2024-09-09_15-14-35,2.608304539154964,20
47,48,1,1,4,"[[-0.8064710911741269, -0.6297700623591925], [-0.7680184004271802, -0.8295638470829546], [-0.6091559658901384, -0.9723207921686264], [-0.6141246466434069, -0.7707902128778021]]","[[0.11808035964682562, 0.12948951240942116], [0.09280233743870861, 0.036387003685593], [0.0938303204925353, 0.03230243158036222], [0.04371578122601935, 0.10422897960026484]]","[[-0.7913057666820581, -0.8249848361086022], [-0.6991625506848023, -0.7501772793905536], [-0.5408830296694698, -0.9707955625758692], [-0.5529005407234553, -0.6023022699199133]]","[-1.8056453952435314, -1.9710437412927044, -0.8912056205387003, -1.3337679391178212, 1.2415330383037257, 1.3455551968121493]",2024-09-09_15-20-49,2.5478190864843944,20
48,49,1,1,5,"[[-0.8064710911741269, -0.6297700623591925], [-0.7680184004271802, -0.8295638470829546], [-0.6091559658901384, -0.9723207921686264], [-0.6141246466434069, -0.7707902128778021]]","[[0.11808035964682562, 0.12948951240942116], [0.09280233743870861, 0.036387003685593], [0.0938303204925353, 0.03230243158036222], [0.04371578122601935, 0.10422897960026484]]","[[-0.7913057666820581, -0.8249848361086022], [-0.6991625506848023, -0.7501772793905536], [-0.5408830296694698, -0.9707955625758692], [-0.5529005407234553, -0.6023022699199133]]","[-1.7000158468829554, -2.326590677300924, -0.9922394752502441, -1.9670068226256312, 0.7786448001861572, 1.4595720767974854]",2024-09-09_15-27-20,0.8010051549911648,20
49,50,1,2,-1,"[[-0.8064710911741269, -0.6297700623591925], [-0.7680184004271802, -0.8295638470829546], [-0.6091559658901384, -0.9723207921686264], [-0.6141246466434069, -0.7707902128778021]]","[[0.11808035964682562, 0.12948951240942116], [0.09280233743870861, 0.036387003685593], [0.0938303204925353, 0.03230243158036222], [0.04371578122601935, 0.10422897960026484]]","[[-0.7381260432215798, -0.7398701276501912], [-0.5987926752744643, -0.8247744230988946], [-0.6021076304059064, -0.9577509899579997], [-0.6488759468431632, -0.676994484889704]]",,2024-09-09_15-34-59,0.7583902104352851,20
50,51,1,2,0,"[[-0.8064710911741269, -0.6297700623591925], [-0.7680184004271802, -0.8295638470829546], [-0.6091559658901384, -0.9723207921686264], [-0.6141246466434069, -0.7707902128778021]]","[[0.11808035964682562, 0.12948951240942116], [0.09280233743870861, 0.036387003685593], [0.0938303204925353, 0.03230243158036222], [0.04371578122601935, 0.10422897960026484]]","[[-0.7381260432215798, -0.7398701276501912], [-0.5987926752744643, -0.8247744230988946], [-0.6021076304059064, -0.9577509899579997], [-0.6488759468431632, -0.676994484889704]]","[-0.5567808869537451, -1.215127556940363, -1.8444974285294637, 1.258726315197987, -0.6591467161558847, -0.20351355710407049]",2024-09-09_15-45-17,3.139944694495647,16
51,52,1,2,1,"[[-0.8064710911741269, -0.6297700623591925], [-0.7680184004271802, -0.8295638470829546], [-0.6091559658901384, -0.9723207921686264], [-0.6141246466434069, -0.7707902128778021]]","[[0.11808035964682562, 0.12948951240942116], [0.09280233743870861, 0.036387003685593], [0.0938303204925353, 0.03230243158036222], [0.04371578122601935, 0.10422897960026484]]","[[-0.7381260432215798, -0.7398701276501912], [-0.5987926752744643, -0.8247744230988946], [-0.6021076304059064, -0.9577509899579997], [-0.6488759468431632, -0.676994484889704]]","[0.06857881851979197, 0.21792011149769983, -2.161804348038188, -0.4287528014109725, -0.8887776727931733, -1.7119613288520652]",2024-09-09_15-51-08,2.619476174410815,20
52,53,1,2,2,"[[-0.8064710911741269, -0.6297700623591925], [-0.7680184004271802, -0.8295638470829546], [-0.6091559658901384, -0.9723207921686264], [-0.6141246466434069, -0.7707902128778021]]","[[0.11808035964682562, 0.12948951240942116], [0.09280233743870861, 0.036387003685593], [0.0938303204925353, 0.03230243158036222], [0.04371578122601935, 0.10422897960026484]]","[[-0.7381260432215798, -0.7398701276501912], [-0.5987926752744643, -0.8247744230988946], [-0.6021076304059064, -0.9577509899579997], [-0.6488759468431632, -0.676994484889704]]","[-2.755985913634277, -2.210583901185422, 1.1727425110175016, -2.9380496891578516, 2.033513454201432, 0.2090148309089412]",2024-09-09_16-01-51,0.6234283606537878,20
53,54,1,2,3,"[[-0.8064710911741269, -0.6297700623591925], [-0.7680184004271802, -0.8295638470829546], [-0.6091559658901384, -0.9723207921686264], [-0.6141246466434069, -0.7707902128778021]]","[[0.11808035964682562, 0.12948951240942116], [0.09280233743870861, 0.036387003685593], [0.0938303204925353, 0.03230243158036222], [0.04371578122601935, 0.10422897960026484]]","[[-0.7381260432215798, -0.7398701276501912], [-0.5987926752744643, -0.8247744230988946], [-0.6021076304059064, -0.9577509899579997], [-0.6488759468431632, -0.676994484889704]]","[0.029355883598327637, -2.341539045373434, -0.6156098246574402, 0.2815334039875488, -0.9824770132647913, 0.0653507262468338]",2024-09-09_16-07-57,-0.26047480429508885,20
54,55,1,2,4,"[[-0.8064710911741269, -0.6297700623591925], [-0.7680184004271802, -0.8295638470829546], [-0.6091559658901384, -0.9723207921686264], [-0.6141246466434069, -0.7707902128778021]]","[[0.11808035964682562, 0.12948951240942116], [0.09280233743870861, 0.036387003685593], [0.0938303204925353, 0.03230243158036222], [0.04371578122601935, 0.10422897960026484]]","[[-0.7381260432215798, -0.7398701276501912], [-0.5987926752744643, -0.8247744230988946], [-0.6021076304059064, -0.9577509899579997], [-0.6488759468431632, -0.676994484889704]]","[-1.8056453952435314, -1.9710437412927044, -0.8912056205387003, -1.3337679391178212, 1.2415330383037257, 1.3455551968121493]",2024-09-09_16-13-27,4.760595722001186,10
55,56,1,2,5,"[[-0.8064710911741269, -0.6297700623591925], [-0.7680184004271802, -0.8295638470829546], [-0.6091559658901384, -0.9723207921686264], [-0.6141246466434069, -0.7707902128778021]]","[[0.11808035964682562, 0.12948951240942116], [0.09280233743870861, 0.036387003685593], [0.0938303204925353, 0.03230243158036222], [0.04371578122601935, 0.10422897960026484]]","[[-0.7381260432215798, -0.7398701276501912], [-0.5987926752744643, -0.8247744230988946], [-0.6021076304059064, -0.9577509899579997], [-0.6488759468431632, -0.676994484889704]]","[-1.7000158468829554, -2.326590677300924, -0.9922394752502441, -1.9670068226256312, 0.7786448001861572, 1.4595720767974854]",2024-09-09_16-19-00,0.6550907621508513,20
56,57,1,3,-1,"[[-0.8064710911741269, -0.6297700623591925], [-0.7680184004271802, -0.8295638470829546], [-0.6091559658901384, -0.9723207921686264], [-0.6141246466434069, -0.7707902128778021]]","[[0.11808035964682562, 0.12948951240942116], [0.09280233743870861, 0.036387003685593], [0.0938303204925353, 0.03230243158036222], [0.04371578122601935, 0.10422897960026484]]","[[-0.7053659330270644, -0.6276397335018596], [-0.6353157158808892, -0.8466145125435911], [-0.6397120140013596, -0.9643043121860708], [-0.5763420644582673, -0.7041608984065293]]",,2024-09-09_16-25-11,0.8711169814494344,20
57,58,1,3,0,"[[-0.8064710911741269, -0.6297700623591925], [-0.7680184004271802, -0.8295638470829546], [-0.6091559658901384, -0.9723207921686264], [-0.6141246466434069, -0.7707902128778021]]","[[0.11808035964682562, 0.12948951240942116], [0.09280233743870861, 0.036387003685593], [0.0938303204925353, 0.03230243158036222], [0.04371578122601935, 0.10422897960026484]]","[[-0.7053659330270644, -0.6276397335018596], [-0.6353157158808892, -0.8466145125435911], [-0.6397120140013596, -0.9643043121860708], [-0.5763420644582673, -0.7041608984065293]]","[-0.5567808869537451, -1.215127556940363, -1.8444974285294637, 1.258726315197987, -0.6591467161558847, -0.20351355710407049]",2024-09-09_16-49-39,1.8206792366491253,20
58,59,1,3,1,"[[-0.8064710911741269, -0.6297700623591925], [-0.7680184004271802, -0.8295638470829546], [-0.6091559658901384, -0.9723207921686264], [-0.6141246466434069, -0.7707902128778021]]","[[0.11808035964682562, 0.12948951240942116], [0.09280233743870861, 0.036387003685593], [0.0938303204925353, 0.03230243158036222], [0.04371578122601935, 0.10422897960026484]]","[[-0.7053659330270644, -0.6276397335018596], [-0.6353157158808892, -0.8466145125435911], [-0.6397120140013596, -0.9643043121860708], [-0.5763420644582673, -0.7041608984065293]]","[0.06857881851979197, 0.21792011149769983, -2.161804348038188, -0.4287528014109725, -0.8887776727931733, -1.7119613288520652]",2024-09-09_17-00-39,0.4419767725098069,20
59,60,1,3,2,"[[-0.8064710911741269, -0.6297700623591925], [-0.7680184004271802, -0.8295638470829546], [-0.6091559658901384, -0.9723207921686264], [-0.6141246466434069, -0.7707902128778021]]","[[0.11808035964682562, 0.12948951240942116], [0.09280233743870861, 0.036387003685593], [0.0938303204925353, 0.03230243158036222], [0.04371578122601935, 0.10422897960026484]]","[[-0.7053659330270644, -0.6276397335018596], [-0.6353157158808892, -0.8466145125435911], [-0.6397120140013596, -0.9643043121860708], [-0.5763420644582673, -0.7041608984065293]]","[-2.755985913634277, -2.210583901185422, 1.1727425110175016, -2.9380496891578516, 2.033513454201432, 0.2090148309089412]",2024-09-09_17-07-30,2.7720232728916803,20
60,61,1,3,3,"[[-0.8064710911741269, -0.6297700623591925], [-0.7680184004271802, -0.8295638470829546], [-0.6091559658901384, -0.9723207921686264], [-0.6141246466434069, -0.7707902128778021]]","[[0.11808035964682562, 0.12948951240942116], [0.09280233743870861, 0.036387003685593], [0.0938303204925353, 0.03230243158036222], [0.04371578122601935, 0.10422897960026484]]","[[-0.7053659330270644, -0.6276397335018596], [-0.6353157158808892, -0.8466145125435911], [-0.6397120140013596, -0.9643043121860708], [-0.5763420644582673, -0.7041608984065293]]","[0.029355883598327637, -2.341539045373434, -0.6156098246574402, 0.2815334039875488, -0.9824770132647913, 0.0653507262468338]",2024-09-09_17-12-34,2.6425844980225275,20
61,62,1,3,4,"[[-0.8064710911741269, -0.6297700623591925], [-0.7680184004271802, -0.8295638470829546], [-0.6091559658901384, -0.9723207921686264], [-0.6141246466434069, -0.7707902128778021]]","[[0.11808035964682562, 0.12948951240942116], [0.09280233743870861, 0.036387003685593], [0.0938303204925353, 0.03230243158036222], [0.04371578122601935, 0.10422897960026484]]","[[-0.7053659330270644, -0.6276397335018596], [-0.6353157158808892, -0.8466145125435911], [-0.6397120140013596, -0.9643043121860708], [-0.5763420644582673, -0.7041608984065293]]","[-1.8056453952435314, -1.9710437412927044, -0.8912056205387003, -1.3337679391178212, 1.2415330383037257, 1.3455551968121493]",2024-09-09_17-19-37,3.7938213347574865,20
62,63,1,3,5,"[[-0.8064710911741269, -0.6297700623591925], [-0.7680184004271802, -0.8295638470829546], [-0.6091559658901384, -0.9723207921686264], [-0.6141246466434069, -0.7707902128778021]]","[[0.11808035964682562, 0.12948951240942116], [0.09280233743870861, 0.036387003685593], [0.0938303204925353, 0.03230243158036222], [0.04371578122601935, 0.10422897960026484]]","[[-0.7053659330270644, -0.6276397335018596], [-0.6353157158808892, -0.8466145125435911], [-0.6397120140013596, -0.9643043121860708], [-0.5763420644582673, -0.7041608984065293]]","[-1.7000158468829554, -2.326590677300924, -0.9922394752502441, -1.9670068226256312, 0.7786448001861572, 1.4595720767974854]",2024-09-09_17-25-34,2.8091382037166865,20
63,64,1,4,-1,"[[-0.8064710911741269, -0.6297700623591925], [-0.7680184004271802, -0.8295638470829546], [-0.6091559658901384, -0.9723207921686264], [-0.6141246466434069, -0.7707902128778021]]","[[0.11808035964682562, 0.12948951240942116], [0.09280233743870861, 0.036387003685593], [0.0938303204925353, 0.03230243158036222], [0.04371578122601935, 0.10422897960026484]]","[[-0.8561366950690926, -0.6624570016103716], [-0.8033031236538806, -0.8533727280857137], [-0.540042415044818, -0.9621117297496301], [-0.5855326991391517, -0.87168162989264]]",,2024-09-09_17-31-41,-0.17770807208329023,20
64,65,1,4,0,"[[-0.8064710911741269, -0.6297700623591925], [-0.7680184004271802, -0.8295638470829546], [-0.6091559658901384, -0.9723207921686264], [-0.6141246466434069, -0.7707902128778021]]","[[0.11808035964682562, 0.12948951240942116], [0.09280233743870861, 0.036387003685593], [0.0938303204925353, 0.03230243158036222], [0.04371578122601935, 0.10422897960026484]]","[[-0.8561366950690926, -0.6624570016103716], [-0.8033031236538806, -0.8533727280857137], [-0.540042415044818, -0.9621117297496301], [-0.5855326991391517, -0.87168162989264]]","[-0.5567808869537451, -1.215127556940363, -1.8444974285294637, 1.258726315197987, -0.6591467161558847, -0.20351355710407049]",2024-09-09_17-36-31,1.8317593354885071,20
65,66,1,4,1,"[[-0.8064710911741269, -0.6297700623591925], [-0.7680184004271802, -0.8295638470829546], [-0.6091559658901384, -0.9723207921686264], [-0.6141246466434069, -0.7707902128778021]]","[[0.11808035964682562, 0.12948951240942116], [0.09280233743870861, 0.036387003685593], [0.0938303204925353, 0.03230243158036222], [0.04371578122601935, 0.10422897960026484]]","[[-0.8561366950690926, -0.6624570016103716], [-0.8033031236538806, -0.8533727280857137], [-0.540042415044818, -0.9621117297496301], [-0.5855326991391517, -0.87168162989264]]","[0.06857881851979197, 0.21792011149769983, -2.161804348038188, -0.4287528014109725, -0.8887776727931733, -1.7119613288520652]",2024-09-09_17-41-46,3.7161791268266655,20
66,67,1,4,2,"[[-0.8064710911741269, -0.6297700623591925], [-0.7680184004271802, -0.8295638470829546], [-0.6091559658901384, -0.9723207921686264], [-0.6141246466434069, -0.7707902128778021]]","[[0.11808035964682562, 0.12948951240942116], [0.09280233743870861, 0.036387003685593], [0.0938303204925353, 0.03230243158036222], [0.04371578122601935, 0.10422897960026484]]","[[-0.8561366950690926, -0.6624570016103716], [-0.8033031236538806, -0.8533727280857137], [-0.540042415044818, -0.9621117297496301], [-0.5855326991391517, -0.87168162989264]]","[-2.755985913634277, -2.210583901185422, 1.1727425110175016, -2.9380496891578516, 2.033513454201432, 0.2090148309089412]",2024-09-09_17-47-32,1.705497574122685,20
67,68,1,4,3,"[[-0.8064710911741269, -0.6297700623591925], [-0.7680184004271802, -0.8295638470829546], [-0.6091559658901384, -0.9723207921686264], [-0.6141246466434069, -0.7707902128778021]]","[[0.11808035964682562, 0.12948951240942116], [0.09280233743870861, 0.036387003685593], [0.0938303204925353, 0.03230243158036222], [0.04371578122601935, 0.10422897960026484]]","[[-0.8561366950690926, -0.6624570016103716], [-0.8033031236538806, -0.8533727280857137], [-0.540042415044818, -0.9621117297496301], [-0.5855326991391517, -0.87168162989264]]","[0.029355883598327637, -2.341539045373434, -0.6156098246574402, 0.2815334039875488, -0.9824770132647913, 0.0653507262468338]",2024-09-09_18-08-08,2.6723588531175935,20
68,69,1,4,4,"[[-0.8064710911741269, -0.6297700623591925], [-0.7680184004271802, -0.8295638470829546], [-0.6091559658901384, -0.9723207921686264], [-0.6141246466434069, -0.7707902128778021]]","[[0.11808035964682562, 0.12948951240942116], [0.09280233743870861, 0.036387003685593], [0.0938303204925353, 0.03230243158036222], [0.04371578122601935, 0.10422897960026484]]","[[-0.8561366950690926, -0.6624570016103716], [-0.8033031236538806, -0.8533727280857137], [-0.540042415044818, -0.9621117297496301], [-0.5855326991391517, -0.87168162989264]]","[-1.8056453952435314, -1.9710437412927044, -0.8912056205387003, -1.3337679391178212, 1.2415330383037257, 1.3455551968121493]",2024-09-09_18-19-43,2.7426975919993595,19
69,70,1,4,5,"[[-0.8064710911741269, -0.6297700623591925], [-0.7680184004271802, -0.8295638470829546], [-0.6091559658901384, -0.9723207921686264], [-0.6141246466434069, -0.7707902128778021]]","[[0.11808035964682562, 0.12948951240942116], [0.09280233743870861, 0.036387003685593], [0.0938303204925353, 0.03230243158036222], [0.04371578122601935, 0.10422897960026484]]","[[-0.8561366950690926, -0.6624570016103716], [-0.8033031236538806, -0.8533727280857137], [-0.540042415044818, -0.9621117297496301], [-0.5855326991391517, -0.87168162989264]]","[-1.7000158468829554, -2.326590677300924, -0.9922394752502441, -1.9670068226256312, 0.7786448001861572, 1.4595720767974854]",2024-09-09_18-25-44,1.749616830232788,20
